,cuisines
0,
1,thai
2,ham-and-bean-soup
3,corn
4,cherries
5,stocks
6,scottish
7,norwegian
8,breads
9,savory-sauces
10,cod
11,chicken-crock-pot
12,swiss
13,garnishes
14,presentation
15,spicy
16,60-minutes-or-less
17,squid
18,midwestern
19,refrigerator
20,scones
21,spreads
22,copycat
23,freshwater-fish
24,micro-melanesia
25,low-calorie
26,middle-eastern
27,american
28,5-ingredients-or-less
29,french
30,served-hot
31,argentine
32,egyptian
33,cakes
34,icelandic
35,chocolate-chip-cookies
36,savory
37,beijing
38,from-scratch
39,welsh
40,time-to-make
41,low-fat
42,trout
43,frozen-desserts
44,low-in-something
45,indonesian
46,perch
47,novelty
48,fathers-day
49,st-patricks-day
50,stuffings-dressings
51,occasion
52,mardi-gras-carnival
53,main-dish-chicken
54,summer
55,barbecue
56,drop-cookies
57,bread-pudding
58,artichoke
59,small-appliance
60,non-alcoholic
61,south-american
62,zucchini
63,simply-potatoes2
64,crawfish
65,jams-and-preserves
66,clear-soups
67,eggs-breakfast
68,salsas
69,herb-and-spice-mixes
70,beginner-cook
71,dinner-party
72,spanish
73,tuna
74,ecuadorean
75,greek
76,mushroom-soup
77,finnish
78,beef-ribs
79,fudge
80,costa-rican
81,weeknight
82,citrus
83,crab
84,laotian
85,meatloaf
86,lobster
87,potatoes
88,crusts-pastry-dough-2
89,middle-eastern-main-dish
90,chicken-stew
91,less_thansql:name_topics_of_recipegreater_than
92,new-zealand
93,melons
94,cake-fillings-and-frostings
95,veggie-burgers
96,british-columbian
97,beef-sauces
98,hunan
99,elk
100,moose
101,squash
102,kiwifruit
103,halibut
104,free-of-something
105,superbowl
106,asparagus
107,gifts
108,sudanese
109,eggs
110,puddings-and-mousses
111,pitted-fruit
112,halloween-cocktails
113,hand-formed-cookies
114,independence-day
115,cuisine
116,californian
117,honduran
118,chicken-thighs-legs
119,pressure-cooker
120,carrots
121,mussels
122,pot-pie
123,pears
124,oranges
125,vegan
126,swedish
127,guatemalan
128,oaxacan
129,dutch
130,danish
131,pasta-shells
132,puerto-rican
133,finger-food
134,main-ingredient
135,lentils
136,main-dish
137,salad-dressings
138,high-calcium
139,pickeral
140,pizza
141,new-years
142,hidden-valley-ranch
143,vegetarian
144,pies
145,bean-soup
146,curries
147,grains
148,dips-lunch-snacks
149,mushrooms
150,smoker
151,pumpkin
152,desserts-easy
153,avocado
154,blueberries
155,very-low-carbs
156,holiday-event
157,clams
158,pork-crock-pot
159,chocolate
160,oamc-freezer-make-ahead
161,turkey
162,austrian
163,seasonal
164,steam
165,taste-mood
166,peanut-butter
167,soups-stews
168,kwanzaa
169,turkey-burgers
170,stews
171,eggplant
172,gumbo
173,crock-pot-slow-cooker
174,chilean
175,beef-barley-soup
176,dips
177,pumpkin-bread
178,pork-chops
179,wings
180,quiche
181,salmon
182,penne
183,gluten-free
184,biscotti
185,christmas
186,korean
187,whole-duck
188,medium-grain-rice
189,halloween-cakes
190,pies-and-tarts
191,ravioli-tortellini
192,libyan
193,sweet-sauces
194,rabbit
195,rosh-hashanah
196,soul
197,course
198,australian
199,pork-loin
200,sandwiches
201,namibian
202,moroccan
203,hanukkah
204,cuban
205,reynolds-wrap
206,plums
207,pasta-elbow-macaroni
208,pork-sausage
209,spinach
210,pennsylvania-dutch
211,beef-liver
212,pressure-canning
213,polynesian
214,asian
215,beef
216,sweet
217,leftovers
218,indian
219,saltwater-fish
220,april-fools-day
221,main-dish-pork
222,snacks
223,ethiopian
224,whole-turkey
225,dietary
226,irish
227,cambodian
228,mothers-day
229,irish-st-patricks-day
230,filipino
231,manicotti
232,pork
233,belgian
234,shellfish
235,3-steps-or-less
236,chili
237,lime
238,nuts
239,south-african
240,iranian-persian
241,30-minutes-or-less
242,beverages
243,smoothies
244,lettuces
245,main-dish-pasta
246,turkey-breasts
247,goose
248,celebrity
249,low-saturated-fat
250,chinese-new-year
251,lebanese
252,beans-side-dishes
253,preparation
254,deep-fry
255,saudi-arabian
256,brunch
257,sole-and-flounder
258,marinades-and-rubs
259,high-in-something-diabetic-friendly
260,main-dish-beef
261,bok-choys
262,beef-sausage
263,jewish-ashkenazi
264,halloween
265,turkish
266,canadian
267,szechuan
268,oven
269,high-in-something
270,wedding
271,15-minutes-or-less
272,kid-friendly
273,pasta-rice-and-grains
274,muffins
275,birthday
276,nigerian
277,number-of-servings
278,cinco-de-mayo
279,catfish
280,nut-free
281,steak
282,roast-beef-comfort-food
283,georgian
284,low-carb
285,congolese
286,pancakes-and-waffles
287,marinara-sauce
288,colombian
289,simply-potatoes
290,hungarian
291,creole
292,breakfast-casseroles
293,chicken-stews
294,roast-beef
295,inexpensive
296,duck-breasts
297,served-hot-new-years
298,desserts
299,cheese
300,rolled-cookies
301,sourdough
302,bananas
303,veal
304,healthy
305,spring
306,mango
307,black-bean-soup
308,hawaiian
309,octopus
310,potluck
311,strawberries
312,4-hours-or-less
313,infant-baby-friendly
314,to-go
315,greens
316,poultry
317,candy
318,stews-poultry
319,prepared-potatoes
320,desserts-fruit
321,lemon
322,freezer
323,low-sodium
324,pasta
325,sauces
326,one-dish-meal
327,egg-free
328,tarts
329,bisques-cream-soups
330,tilapia
331,heirloom-historical
332,toddler-friendly
333,snacks-kid-friendly
334,mashed-potatoes
335,vietnamese
336,fall
337,wild-game
338,chick-peas-garbanzos
339,chowders
340,cookies-and-brownies
341,lasagne
342,tomatoes
343,pork-loins
344,winter
345,macaroni-and-cheese
346,venezuelan
347,elbow-macaroni
348,breakfast-eggs
349,southern-united-states
350,oysters
351,quebec
352,cocktails
353,berries
354,shakes
355,angolan
356,north-american
357,beans
358,baking
359,coffee-cakes
360,tempeh
361,deer
362,water-bath
363,broil
364,yeast
365,ham
366,apples
367,baja
368,appetizers
369,portuguese
370,savory-pies
371,no-cook
372,japanese
373,burgers
374,high-fiber
375,granola-and-porridge
376,cajun
377,chard
378,mixer
379,easter
380,scallops
381,low-cholesterol
382,served-cold
383,pork-ribs
384,cantonese
385,technique
386,sugar-cookies
387,condiments-etc
388,grapes
389,fruit
390,russian
391,microwave
392,pasta-salad
393,amish-mennonite
394,bacon
395,1-day-or-more
396,short-grain-rice
397,brown-bag
398,mongolian
399,for-large-groups-holiday-event
400,duck
401,nepalese
402,salads
403,cabbage
404,passover
405,side-dishes
406,dehydrator
407,southwestern-united-states
408,pheasant
409,high-protein
410,breakfast
411,memorial-day
412,bass
413,no-shell-fish
414,unprocessed-freezer
415,rice
416,breakfast-potatoes
417,omelets-and-frittatas
418,spaghetti
419,stove-top
420,lasagna
421,chicken
422,fillings-and-frostings-chocolate
423,crock-pot-main-dish
424,vegetables
425,chinese
426,collard-greens
427,broccoli
428,yams-sweet-potatoes
429,pineapple
430,orange-roughy
431,european
432,roast-beef-main-dish
433,cheesecake
434,gelatin
435,black-beans
436,czech
437,jellies
438,african
439,whole-chicken
440,brownies
441,equipment
442,peppers
443,cupcakes
444,somalian
445,south-west-pacific
446,side-dishes-beans
447,comfort-food
448,dairy-free
449,eggs-dairy
450,onions
451,valentines-day
452,roast
453,peruvian
454,chicken-breasts
455,tropical-fruit
456,meat
457,halloween-cupcakes
458,rosh-hashana
459,punch
460,diabetic
461,raspberries
462,pork-loins-roast
463,jewish-sephardi
464,long-grain-rice
465,beef-organ-meats
466,casseroles
467,fish
468,ontario
469,pacific-northwest
470,caribbean
471,kosher
472,brown-rice
473,iraqi
474,cranberry-sauce
475,pakistani
476,italian
477,bear
478,white-rice
479,palestinian
480,romantic
481,low-protein
482,baked-beans
483,thanksgiving
484,meatballs
485,labor-day
486,food-processor-blender
487,stir-fry
488,rolls-biscuits
489,coconut
490,german
491,mexican
492,ice-cream
493,snacks-sweet
494,scandinavian
495,chutneys
496,green-yellow-beans
497,bread-machine
498,cooking-mixes
499,papaya
500,camping
501,easy
502,oatmeal
503,polish
504,beef-kidney
505,shrimp
506,malaysian
507,grilling
508,northeastern-united-states
509,steaks
510,peaches
511,whitefish
512,native-american
513,soy-tofu
514,cauliflower
515,ramadan
516,spaghetti-sauce
517,ground-beef
518,ragu-recipe-contest
519,mahi-mahi
520,chicken-livers
521,picnic
522,college
523,super-bowl
524,for-1-or-2
525,lunch
526,a1-sauce
527,english
528,quick-breads
529,canning
530,for-large-groups
531,lamb-sheep
532,heirloom-historical-recipes
533,Throw the ultimate fiesta with this sopaipillas recipe from Food.com.
534,cobblers-and-crisps
535,healthy-2
536,flat-shapes
537,bar-cookies
538,tex-mex
539,brewing
540,central-american
541,brazilian
542,lactose
543,seafood
